SrNo,Run Type,LLM Used,Target Epsilon,Final Epsilon,Target Delta,Max Grad Norm,LLM Epsilon Suggestion,Accuracy,Precision (Stroke),Recall (Stroke),F1 (Stroke),Precision (Readmit),Recall (Readmit),F1 (Readmit),MAE,MSE,R2 Score,LLM Reasoning
0,Insurance Non-DP Regression,N/A,N/A,N/A,N/A,N/A,N/A,N/A,N/A,N/A,N/A,N/A,N/A,N/A,6062.432718305446,66037185.44062569,0.5746362286702836,N/A
1,Insurance Fixed DP Regression,N/A (Fixed Defaults),1.0,0.9917367892073209,0.0009345794392523365,1.0,1.0,N/A,N/A,N/A,N/A,N/A,N/A,N/A,12967.187697501213,323394480.9999396,-1.083073273754704,Using standard fixed parameters for Insurance Regression.
2,Insurance Gemini DP Regression,gemini-2.5-pro-exp-03-25,3.0,2.991402110113274,0.0009345794392523364,1.0,3.0,N/A,N/A,N/A,N/A,N/A,N/A,N/A,12966.904506863943,323384357.6018548,-1.0830080661484245,"The recommended DP settings are tailored for training a Linear Regression model on the Kaggle Medical Cost Personal dataset (N_train approx 1070) to predict 'charges' using DP-SGD, aiming to balance privacy with predictive utility (MAE/MSE).

1.  **`target_epsilon` (3.0)**: The dataset pertains to Healthcare/Finance, indicating a need for meaningful privacy. However, to achieve reasonable utility (accurate 'charges' prediction crucial for finance aspects) with a relatively small dataset (N=1070), a very low epsilon (e.g., <1) might severely degrade model performance. Epsilon=3.0 is chosen as a moderate value, offering a quantifiable privacy guarantee while still allowing for potentially useful model training. This value should be tuned based on empirical utility and the specific privacy requirements of the application.

2.  **`target_delta` (0.0009345... approx 1/1070)**: Setting delta to `1/N` (where N is the training dataset size, approx 1070) is a common practice. It ensures that the probability of an arbitrary privacy violation is small and scales with the dataset size. A delta of `1/1070` is significantly smaller than commonly cited insecure values (e.g., >0.01) and provides a reasonable interpretation of the (epsilon, delta)-DP guarantee.

3.  **`max_grad_norm` (1.0)**: This value is highly dependent on the scale of features and, critically for regression, the target variable. The recommendation of 1.0 is **contingent on robust preprocessing**: 
    *   All input features ('age', 'sex', 'bmi', 'children', 'smoker', 'region' post-encoding) MUST be scaled (e.g., StandardScaler).
    *   The target variable 'charges' MUST be transformed and scaled. Given its nature (medical costs, likely skewed with a wide range), a log transformation (e.g., `np.log1p`) followed by standardization (e.g., StandardScaler) is strongly recommended. This makes the target distribution more Gaussian-like and scales its values to a range (e.g., mean 0, std 1) where gradients `X^T * (Xw - y_scaled)` become much smaller and more stable. 
    A `max_grad_norm` of 1.0 is a common starting point when both features and the (transformed) target are normalized/standardized. It effectively bounds the influence of any single data point. If the target is not appropriately scaled, this value would need to be significantly larger, leading to much higher noise addition and poor utility. The choice of 1.0 aims to clip outlier gradients while preserving useful information from typical data points after appropriate scaling.

4.  **Preprocessing Suggestions**: The suggestions emphasize encoding categorical variables and scaling numerical features. Most importantly, they highlight the transformation (log + scale) of the target variable 'charges'. This is vital for Linear Regression's assumptions, for mitigating the impact of skewness on metrics like MSE, and for ensuring that `max_grad_norm` can be set to a reasonably small value for effective DP-SGD.

5.  **`column_sensitivity_epsilon`**: These values are conceptual relative sensitivity hints for each feature (excluding the target). 'smoker' is rated highest (0.8) as it's a strong behavioral indicator directly linked to health outcomes and costs. 'age' and 'bmi' are moderate (0.6, 0.5) as they are demographic/health indicators. 'sex', 'children', and 'region' are rated lower. This is not a direct parameter for standard DP-SGD but provides context on feature sensitivity if more granular privacy controls were considered.

Overall, these settings aim to provide a robust starting point for differentially private linear regression on this dataset. Empirical tuning, especially of `target_epsilon` and `max_grad_norm` (if preprocessing varies), will be necessary to optimize the privacy-utility trade-off for specific MAE/MSE goals."
3,Insurance Groq (deepseek-r1-distill-llama-70b) DP Regression,deepseek-r1-distill-llama-70b,2.0,1.9965958645722455,1e-05,1.0,2.0,N/A,N/A,N/A,N/A,N/A,N/A,N/A,12967.054015616872,323394121.4160264,-1.0830709575752908,"The target_epsilon of 2.0 balances privacy and utility, suitable for healthcare/finance data. Target_delta is set to 1e-5 to ensure strong privacy guarantees. max_grad_norm of 1.0 is chosen to stabilize gradients without excessive clipping. Column sensitivity values reflect the relative importance and privacy concerns of each feature."
